Date,Forecast_Sales,Forecast_Lower_Bound,Forecast_Upper_Bound
2010-02-05,32255.085504471204,24831.82323561354,39491.70726208218
2010-02-12,38298.85662537768,30931.04117352732,45833.85627850792
2010-02-19,37038.36455911356,28932.011937462044,44908.98702318891
2010-02-26,29095.530503365346,21239.401297288478,36987.75563370469
2010-03-05,20014.277052679354,12250.673393738985,28169.402415222554
2010-03-12,16535.811047901778,8789.43481097192,24624.738186091377
2010-03-19,21163.640224755727,13245.646542055554,29229.931841393827
2010-03-26,30058.46637528945,21734.557611435543,38330.934242062984
2010-04-02,36489.80547400705,28637.56648257214,44486.7432592406
2010-04-09,36543.73044271861,28823.37747081535,44763.336544419006
2010-04-16,31623.22066283317,23620.55912049356,39889.368134277494
2010-04-23,25893.22959690274,16874.653170385292,34151.79953077687
2010-04-30,22051.957604599156,13876.109359474716,29472.6400198573
2010-05-07,19856.98354811794,11542.388588271873,28459.57202747244
2010-05-14,18038.443571881093,10325.397863591015,25807.280535237634
2010-05-21,16467.032436501006,8369.204801341471,24660.651887124557
2010-05-28,15962.609798340089,8118.586939395137,24081.182807021574
2010-06-04,16619.89760115532,9492.641388083062,23971.02646328176
2010-06-11,17297.427662085673,9466.901641433378,24974.438782654543
2010-06-18,16988.7151623223,9493.921187131571,24965.21030702788
2010-06-25,16096.380210420724,8412.663000061122,23837.848660908505
2010-07-02,15812.442889501468,8259.993854603941,23515.06609463329
2010-07-09,16455.267688936903,8783.764655789453,24520.42618715093
2010-07-16,17035.50344492895,9257.32304967765,24577.34618805369
2010-07-23,16617.007992610714,8366.461416316039,24537.1376075832
2010-07-30,15584.986422237042,7398.009845623295,23261.362032572408
2010-08-06,15091.986731760586,6786.146656646299,22661.57322817373
2010-08-13,15488.311642963348,7657.687966769933,22945.362874719223
2010-08-20,15954.05187897662,8552.113630173015,23352.54746729608
2010-08-27,15851.781164311184,8244.261888801482,23547.039781929034
2010-09-03,15827.051444332972,8674.96214776084,23503.852516499494
2010-09-10,16932.105038152207,9642.30652466623,24880.566048025426
2010-09-17,18882.803607460955,10798.402264322,26940.13788145453
2010-09-24,20093.16489627248,11960.381919327627,28068.52733556408
2010-10-01,19924.429483826625,12354.244323739495,27537.973186710762
2010-10-08,20261.805969819838,12921.732782077124,27784.808638214265
2010-10-15,23718.81959816832,15742.084110358755,32018.87943563044
2010-10-22,29909.36980593494,21917.40193899561,38071.029970791125
2010-10-29,34369.44780269667,26552.900626112638,41709.028398798546
2010-11-05,32414.992198596614,24814.212810146513,40026.0929379425
2010-11-12,24490.80793794855,16907.759377717422,32273.31170978133
2010-11-19,17064.18488910582,9452.020686741611,24728.148535644057
2010-11-26,17306.56111289049,9155.2733129213,25114.119056902127
2010-12-03,26430.23684570351,18644.123750239574,34755.73130861017
2010-12-10,38245.89347532582,30329.8699326853,45972.94910344467
2010-12-17,44308.55475356109,37191.20368224105,52693.68655192259
2010-12-24,40612.28489426548,32720.366632553043,48471.632168451346
2010-12-31,29916.32772114195,22272.385946007245,37732.948522669016
2011-01-07,18694.589213212505,11167.68466261154,26753.442056372747
2011-01-14,12510.70665578781,4150.873354058425,20663.071962264865
2011-01-21,13569.742677952552,5970.835775052484,21666.394745489146
2011-01-28,20748.292781188204,13104.101943750904,28792.674055205334
2011-02-04,30399.947783139247,22461.78858125841,38430.95628531615
2011-02-11,37433.88433284688,29254.500742183536,45391.321429982265
2011-02-18,37588.86794169842,29626.488400337337,45937.56541212681
2011-02-25,30548.93171549668,21992.21917027962,38419.831771495694
2011-03-04,21136.196257820404,12772.17788073668,29764.870864121807
2011-03-11,16292.298167165185,8329.720007508298,24311.40346021585
2011-03-18,19587.40815535502,11808.007624216538,27030.863754052727
2011-03-25,28208.285419322747,19821.263120429252,36799.18954007758
2011-04-01,35511.048124726854,27611.615524150267,43560.13808411306
2011-04-08,36745.5427956397,29130.64889276724,44140.24721604132
2011-04-15,32427.290896223723,24363.531416173246,40415.95909742652
2011-04-22,26558.583764187068,18429.152395580313,34698.32166948193
2011-04-29,22324.61475325088,14776.040018707803,29822.988535297256
2011-05-06,19936.729577143553,12053.79801217902,27574.975431381077
2011-05-13,18106.47170594328,10201.531373896378,26196.698752991608
2011-05-20,16437.35626008142,9233.309234507733,24545.79792473056
2011-05-27,15695.186046307857,8229.318670869907,23651.17989605137
2011-06-03,16203.425430717783,8051.773428530533,24511.02185544801
2011-06-10,16979.608158172516,9261.19936849562,25247.252769098883
2011-06-17,16862.11242531306,8343.330253614835,25512.45177877148
2011-06-24,15987.188129131975,8592.528980736919,24223.22693403049
2011-07-01,15528.202554516498,8169.144407248412,23994.469709081615
2011-07-08,16050.976833374225,8106.502814873612,23837.366829683895
2011-07-15,16736.69042270569,9566.844437848324,24326.568043674975
2011-07-22,16510.870606184893,8662.959703529792,24475.62825320034
2011-07-29,15505.121175078502,7182.683202041256,23238.635087942075
2011-08-05,14850.294039819557,7449.452949071178,22389.062939819392
2011-08-12,15125.29087158985,7036.881876366879,23457.448620811592
2011-08-19,15653.714935399554,8279.912212515164,23323.10386978165
2011-08-26,15643.274605136894,8378.572018989304,23470.545913222515
2011-09-02,15513.954625298058,7214.769993676962,23032.976620654936
2011-09-09,16383.99743232012,8675.145726095468,24416.2287980932
2011-09-16,18284.05036214139,10282.447385602341,26747.64206034852
2011-09-23,19735.84345726989,11477.019161295262,27267.93300745148
2011-09-30,19745.938919833563,11911.233063030155,27147.832003693908
2011-10-07,19773.286836919084,11179.169689441012,27308.222798409395
2011-10-14,22573.31768235196,14621.422094718213,29939.393973508937
2011-10-21,28510.261773033963,20884.532733074506,35526.916420974914
2011-10-28,33695.09378930037,25253.387880005128,42162.5696965312
2011-11-04,33051.80127890751,25109.60027801169,40740.130001025485
2011-11-11,25852.459993960318,18199.664988476605,33789.670559222366
2011-11-18,17731.335011990093,9587.7762375282,26053.299838888368
2011-11-25,16281.86069213766,8123.496751658001,23338.349032173526
2011-12-02,24097.78187705958,16459.91975008797,32193.338913716758
2011-12-09,36085.356822112044,27945.789500824485,43701.63777055104
2011-12-16,43663.15806548845,35852.19660778872,51494.77540600688
2011-12-23,41686.20706861687,33949.98288011742,49521.862113248564
2011-12-30,31807.359908691826,24009.636068401567,40027.64865469463
2012-01-06,20195.226382610006,12454.439098463885,27750.35990505395
2012-01-13,12843.745618079558,4768.0734852539435,20200.099175634954
2012-01-20,12606.19160106178,4822.362583228418,19941.15709213136
2012-01-27,18897.30763586748,11328.400477607143,26822.90453430085
2012-02-03,28459.733241214206,20683.472115477278,36173.66960784956
2012-02-10,36338.793204378046,28831.888920260757,44362.067540726996
2012-02-17,37895.06572278895,29731.662558047217,46041.38531262688
2012-02-24,31920.190281095372,23884.576842469487,40233.66999927802
2012-03-02,22413.480785015425,14835.506865095582,29587.833772093807
2012-03-09,16327.043298146757,8631.939036338454,24236.544018668723
2012-03-16,18192.181554911316,10377.422248506948,26125.658158786988
2012-03-23,26310.237580483426,18433.451568564204,34671.281471235394
2012-03-30,34323.136981805364,26690.759533593155,42970.41627491591
2012-04-06,36760.34300213287,29138.030054615436,44509.37931490279
2012-04-13,33184.991776961746,25303.983449219293,41232.932297250096
2012-04-20,27285.24755790235,19704.02405683595,35118.10385894442
2012-04-27,22660.323723437137,14312.337077135395,30584.414090180348
2012-05-04,20031.003790831433,11688.730896931134,27629.06031140008
2012-05-11,18175.84668376771,9704.805915291616,26099.238086485173
2012-05-18,16438.733384523584,8478.47612125206,24105.22027249914
2012-05-25,15471.881524425948,7912.521311275735,23077.30737785843
2012-06-01,15796.10769374443,7802.167896306922,23371.770439241845
2012-06-08,16629.183623602043,8846.347034796498,24418.015662572365
2012-06-15,16708.08207712649,8690.927408161007,24858.088910857055
2012-06-22,15893.20699655252,7260.989384402696,23636.358391175858
2012-06-29,15279.668891369338,6759.984765976858,22978.59637687552
2012-07-01,16852.689166584336,8724.775502517872,24733.53447354071
2012-07-08,17451.491139293918,10046.99514410276,25083.322907845526
2012-07-15,18078.305060229315,10159.114348488592,25394.961228438035
2012-07-22,17735.695243629227,9620.100012418277,25976.637572507076
2012-07-29,16709.165401325656,8723.687260638475,24557.406655880903
2012-08-05,16149.468154378923,8453.707550773866,24039.197203125805
2012-08-12,16500.66374047847,8838.679179088751,24387.26354359802
2012-08-19,16994.70361109961,8846.829271159027,24665.343080671173
2012-08-26,16926.81672948927,9202.405947898736,24427.0296133492
2012-09-02,16855.36904564131,9107.597878322946,25013.108185999452
2012-09-09,17866.8368030432,10415.97270137168,25607.157685635117
2012-09-16,19804.008412392523,11172.561377097596,27467.15198615772
2012-09-23,21114.771540561524,13676.614519562823,28569.25227573116
2012-09-30,21010.570081230133,12814.1238534719,28475.14563550679
2012-10-07,21212.203513629807,13315.408899837877,28837.295970981664
2012-10-14,24405.92704799732,15946.444133689862,32101.945452437812
2012-10-21,30512.4024011051,22180.766336174216,38341.64842450566
2012-10-28,35283.13479052001,27661.59216982399,43084.37441694513
2012-11-04,33854.13672137261,25686.193965713344,41496.500630393784
2012-11-11,26194.772914035657,18614.42549306282,34017.960643472325
2012-11-18,18459.53689661737,10250.098604987295,26042.6584534083
2012-11-25,18017.292626930204,9796.446571159677,25780.20765061947
2012-12-02,26641.406800574947,18446.9030082416,34413.24640423503
2012-12-09,38560.97041952495,31069.20108140605,45797.48172365433
2012-12-16,45248.051802857444,37853.00999620942,53068.52985976519
2012-12-23,42229.83290263928,34719.1193020022,49850.714398130665
2012-12-30,31834.740428285797,24345.430338073966,39941.524111625884
2013-01-06,20433.879875857914,12625.989006904958,27823.195607133475
2013-01-13,13773.42780025598,6356.605012170173,21402.34579182892
2013-01-20,14317.461039369993,6265.797512179968,22209.706616573025
2013-01-27,21154.57185835726,13061.890489982936,29233.895786127003
2013-02-03,30790.477154023738,23223.60420235646,38154.881378638005
2013-02-10,38180.617299832484,29969.537471776188,45844.13018127025
2013-02-17,38899.55117183046,30771.696783405238,46487.5699371944
2013-02-24,32267.712384828395,24808.490517275688,40865.491889455756
2013-03-03,22788.7445184818,15222.138555022104,30411.76889514629
2013-03-10,17431.14114040015,9439.046094401598,24812.113648138944
2013-03-17,20163.833432214997,12686.504170226204,27547.07703905959
2013-03-24,28610.661224308646,20935.773793345066,36731.70945056802
2013-03-31,36218.350760584726,28014.936914427686,43748.72817819708
2013-04-07,37933.0768342919,30213.560850980768,45781.413079942824
2013-04-14,33895.559912957404,25214.39711109438,41532.87048295798
2013-04-21,28000.60140870679,20126.390869586132,36144.72871114418
2013-04-28,23609.080973833796,15410.056277389805,31013.627516882276
2013-05-05,21130.420661032826,13494.564174806934,28814.47066845113
2013-05-12,19292.343750701257,11374.003307632967,26889.137161429946
2013-05-19,17592.646864489958,10176.087280112783,25723.89884288042
2013-05-26,16758.597110675626,9061.653770388897,25310.5090208837
2013-06-02,17197.044965640158,9314.863467489706,25051.36072710145
2013-06-09,18001.24635914718,10045.946971520418,25592.662640017305
2013-06-16,17962.243433514956,10206.513920834033,25805.778901174417
2013-06-23,17106.33209902104,9140.155069022094,24479.08801812288
2013-06-30,16582.59252500112,8475.659538533293,24603.495659623724
2013-07-07,17048.628726569645,9249.771991334364,25060.846037699783
2013-07-14,17765.85979731917,10175.869770217463,25667.172130728413
2013-07-21,17619.00353807755,9630.940430031294,25446.93162525133
2013-07-28,16635.360274446746,8913.360756805323,24863.006446820596
2013-08-04,15921.16098664035,8260.80609288962,24047.269043462362
2013-08-11,16140.213948491852,8502.336445915309,24161.3828374867
2013-08-18,16685.685265803455,9476.897656529782,24705.37375626329
2013-08-25,16716.655916344214,8588.690785076917,25352.27145254614
2013-09-01,16557.05206612546,8768.410731615782,24561.77656192949
2013-09-08,17333.18208776569,9883.974037280688,25288.345205706235
2013-09-15,19197.724768984153,11307.17506927593,27202.752863895083
2013-09-22,20736.03427715001,13350.869749941943,28568.931468408526
2013-09-29,20832.49806197314,12259.482149473388,28437.94698513205
2013-10-06,20763.52177161567,12777.108658801822,28832.73273208343
2013-10-13,23304.339295847356,15725.892434157719,30975.395492476546
2013-10-20,29101.34127369875,21340.691325173357,36899.745101892106
2013-10-27,34526.565677526145,26697.219636837228,42345.47060565425
2013-11-03,34401.64727590835,26020.608381771533,42097.05890987219
2013-11-10,27547.993141293962,19450.044512172724,35137.60773938752
2013-11-17,19222.146176451166,11308.261047578513,26873.04382013137
2013-11-24,17118.741762690894,8849.719795085251,24730.948446716448
2013-12-01,24360.2703909742,16443.7301747623,32134.32672110947
2013-12-08,36334.29448129692,29164.232410410565,43801.16691412621
2013-12-15,44471.67171602341,36199.275609312725,52285.011803844005
2013-12-22,43201.45723624852,35659.86659078008,51383.65476864777
2013-12-29,33709.093835453714,26085.743215874412,41834.423338084816
2014-01-05,21995.768014438057,14428.369002022648,30209.73467134232
2014-01-12,14201.503267039676,6489.511369727085,21972.91190254807
2014-01-19,13438.447660583985,5334.977849406194,21054.643820852238
2014-01-26,19344.2031832918,12130.783862723043,27212.86861835809
2014-02-02,28824.933451050325,21304.688644589718,36494.482395648694
2014-02-09,36998.64186739829,29038.46486063634,45324.742453351
2014-02-16,39104.63917569031,31334.746828180752,47144.06453350798
2014-02-23,33594.891392958096,26035.196258961216,41371.43187570217
2014-03-02,24117.29350814733,16123.393998955627,32225.09931532955
2014-03-09,17575.790339621846,9494.483038184528,26016.33179855135
2014-03-16,18850.25430184948,11045.062261085046,26549.56459766269
2014-03-23,26705.026573976356,18635.459638642853,34504.011603367355
2014-03-30,34950.992703892,27248.683935541587,42504.20923633099
2014-04-06,37868.15421856383,29939.57191442267,45824.206460306836
2014-04-13,34627.23516867244,26979.425845597063,42201.25354665371
2014-04-20,28748.72991415253,21396.616660676184,36858.98201216235
2014-04-27,23971.85797426293,15954.830650172462,32147.890038356698
2014-05-04,21232.65084566654,13286.23437634627,28884.886839054692
2014-05-11,19361.631130857415,11277.330454474823,27140.733416392086
2014-05-18,17604.78576320487,9188.356244920124,26401.166829393514
2014-05-25,16553.402618603606,9006.245331853268,24368.63871777455
2014-06-01,16795.83879982424,8822.638998218823,24724.506515772653
2014-06-08,17639.092543961728,9514.94795903647,25909.537076409957
2014-06-15,17795.763134281646,9980.792691251954,25887.94493904609
2014-06-22,17016.287252507107,9255.864881083995,24755.23220880907
2014-06-29,16348.495365165983,8530.35069899465,24335.536316144462
2014-07-06,16654.96294758023,9063.835716179841,24413.718735380116
2014-07-13,17422.22251534007,10112.177565823049,24657.054675333875
2014-07-20,17472.209432882464,10127.680293008263,25214.272821700226
2014-07-27,16571.591306285707,8605.73745805384,24802.745779084595
2014-08-03,15726.711315195695,7703.208214369343,23691.60674870642
2014-08-10,15790.946622173524,8576.971950411244,24298.774515910904
2014-08-17,16356.487234023978,8917.84172407764,24255.075289663822
2014-08-24,16497.70618111567,8701.738806123252,24584.459002338303
2014-08-31,16291.56877028343,8815.823828497316,23805.582190783563
2014-09-07,16839.355741410585,8660.185923092204,24287.03153515989
2014-09-14,18580.425763261912,11038.63641816631,26111.830240619347
2014-09-21,20303.912371730712,12293.53439914696,28771.32508764135
2014-09-28,20644.080170513622,12405.880653577571,28148.32579662534
2014-10-05,20404.087060364956,12814.892253045702,28881.406509457618
2014-10-12,22319.609239869842,14360.10825541627,30601.484552474183
2014-10-19,27683.651096718117,20288.65069787185,36130.89506519473
2014-10-26,33581.49353253435,25110.307285423165,41356.80470116989
2014-11-02,34715.39074424357,26653.590303905956,42930.51264308296
2014-11-09,28846.734685444062,21125.64842575526,37173.5522043166
2014-11-16,20196.50328487326,12138.62032807175,28121.062953540808
2014-11-23,16540.905043341874,8020.912808948286,24344.70870459527
2014-11-30,22241.470823235006,14560.155505515271,29832.634343368834
2014-12-07,33976.20213255997,25836.542339230553,41789.832140499704
2014-12-14,43375.6148909849,35672.29975966273,51431.898318583575
2014-12-21,43897.50702814341,36354.38740131524,51603.79046758759
2014-12-28,35513.00843203749,26922.636551711064,43476.89406718738
2015-01-04,23691.527586503224,15850.412465824895,31720.58668535915
2015-01-11,14863.072939888374,7302.042494473573,22837.61435146326
2015-01-18,12779.039552660406,4698.994080005757,20493.049096709376
2015-01-25,17652.795444457613,9923.64238519226,25685.74444027417
2015-02-01,26817.990383764984,19500.501430247437,34408.09695115813
2015-02-08,35614.5947696434,28051.759567375007,44016.502126078536
2015-02-15,39051.949496415866,30907.253256102264,46439.2444474352
2015-02-22,34785.752908636015,26681.819731782958,42253.39843802723
2015-03-01,25545.10086654949,17489.29978973597,33849.78067088628
2015-03-08,17987.53607951811,10307.721928068562,25396.80500422064
2015-03-15,17760.992004174666,9425.12744455661,25650.84739934086
2015-03-22,24810.228747812944,17563.083238594805,32951.96231827668
2015-03-29,33499.074255858526,25573.488470495882,41223.961301296695
2015-04-05,37594.229239317894,29593.159133826197,45525.74031487085
2015-04-12,35274.771124128936,27278.002015003593,43138.23293153795
2015-04-19,29540.77792430809,21416.50199956977,37584.78241934401
2015-04-26,24405.745710567822,16260.41611042313,31912.838996294
2015-05-03,21360.755384304626,13372.276994260601,29671.075182409357
2015-05-10,19430.10979750713,11032.881440038449,27387.799170534607
2015-05-17,17639.49069330621,10030.929686894075,25927.729826119128
2015-05-24,16393.642317830516,8101.18111489782,24043.85758815854
2015-05-31,16415.73334374272,8354.061167445056,24415.98971493265
2015-06-07,17251.765073198738,9401.691474308791,24762.62075515558
2015-06-14,17595.3270727831,10094.580198217793,25713.04840514963
2015-06-21,16930.41135977858,8844.675191769464,24170.174314055126
2015-06-28,16149.841998390733,8898.620711322445,23646.41719346023
2015-07-05,16278.09328459985,8509.463318227976,23993.93410843061
2015-07-12,17052.701923768494,9175.24222253079,25629.05802863244
2015-07-19,17291.168729464363,9577.628948043266,25484.348835389046
2015-07-26,16510.11844505506,8622.854565507952,24647.10031975949
2015-08-02,15565.317865492983,7351.340601794594,22987.01022386785
2015-08-09,15459.351328943923,7771.251349369066,23296.85689920356
2015-08-16,16010.52192279878,7695.347203376802,24009.85732589281
2015-08-23,16264.271456423821,8255.998695190121,23917.87518537701
2015-08-30,16052.104476568486,8520.332998167964,23824.544847530513
2015-09-06,16388.916481917935,8669.367449378493,24699.92395626629
2015-09-13,17963.378746707753,10261.244239573409,26142.516010752515
2015-09-20,19821.038694156116,11477.541007754515,27555.001965704814
2015-09-27,20430.81513154744,12717.199833657167,28016.708129899805
2015-10-04,20117.277616140444,12290.451628293076,27505.270392615934
2015-10-11,21457.568427287682,13217.726974821291,28881.810127840152
2015-10-18,26290.673145871464,18458.739865845764,33848.342236478275
2015-10-25,32475.85827602286,24739.70207980543,39840.79497572894
2015-11-01,34786.633208705716,26520.813532453412,42151.10172122011
2015-11-08,30045.938100031577,21978.386693283177,38222.18078696936
2015-11-15,21340.006123012936,13250.820976349796,29824.108841158315
2015-11-22,16283.997882086962,8570.275930742839,24194.610176385184
2015-11-29,20329.76255179413,12144.813948436247,27792.76538470679
2015-12-06,31537.986863003454,23108.24642054326,38935.83274516038
2015-12-13,41977.39019108856,34280.895477171696,49650.03009915702
2015-12-20,44294.07242729043,36299.04313057082,52212.209600175374
2015-12-27,37205.35359767185,28903.31176422626,44924.65651551118
2016-01-03,25490.783070823243,16663.536832612426,33651.61774209053
2016-01-10,15749.308296041872,7944.976074148297,23793.07269641887
2016-01-17,12348.835111482125,4405.322634115145,20222.621011666906
2016-01-24,16103.618344970828,7514.55844718141,24155.55782950909
2016-01-31,24800.77008556647,16871.213216056138,33176.29496811424
2016-02-07,34052.75839875884,26144.69154848417,42388.07452482868
2016-02-14,38739.16086530315,31174.669770613298,46698.76003742128
2016-02-21,35806.29505775092,27626.783910443955,43842.85591718331
2016-02-28,27029.21103720408,19162.063797223822,34430.06605190867
2016-03-06,18649.666989193072,10872.485690164143,26526.908608092956
2016-03-13,16920.084095524035,8622.909060942564,25091.874614205608
2016-03-20,22969.24432595663,15200.526406347428,31202.56430179521
2016-03-27,31887.411898633094,24456.19051966871,39449.10000808349
2016-04-03,37101.641873615175,29298.95150747191,45159.081084452526
2016-04-10,35810.9998553283,27569.07136474767,43599.52850190834
2016-04-17,30359.951494681503,21883.294478791806,38145.17678827284
2016-04-24,24913.601600901235,16409.3685311435,32705.072623863623
2016-05-01,21523.858671739392,13548.193733903254,29916.693647273783
2016-05-08,19498.438826323523,12071.602500745275,27449.955642387707
2016-05-15,17690.588706166265,9619.37439064852,25530.675370331955
2016-05-22,16278.163146396622,8148.796440362709,24632.123756341018
2016-05-29,16064.354802364638,7998.806871792232,23942.565219697466
2016-06-05,16846.243022678806,9110.189048235008,24886.589505756685
2016-06-12,17358.273474979862,9355.170000354336,24983.221190031545
2016-06-19,16840.449293058606,8698.526100085553,24695.3707643141
2016-06-26,15984.265733256703,8369.953854324593,23439.468897228882
2016-07-03,15924.750250999088,7636.789477736463,23726.647065060773
2016-07-10,16663.853194544197,8458.05612688266,24044.608038747454
2016-07-17,17073.364343153946,8704.387275837433,25258.567427179514
2016-07-24,16442.98449689558,9022.16229775382,24226.201769033945
2016-07-31,15434.492167907696,7943.3508155598665,23378.76530344533
2016-08-07,15151.21622060628,7737.408747698647,22990.966452708813
2016-08-14,15652.544554374224,7949.937379020542,23905.974536265858
2016-08-21,16012.078620088065,8231.049321259143,24406.810616200048
2016-08-28,15831.03725908243,8491.374428525944,23767.34624726939
2016-09-04,15983.208517425986,8191.828447987069,23846.55467389132
2016-09-11,17357.487918451887,9579.395170806725,25328.874602848802
2016-09-18,19292.771195338904,11764.336281919022,27403.240315328738
2016-09-25,20180.84326693645,12657.027508010518,28157.20517333967
2016-10-02,19884.919730417136,12065.343969173793,27794.669377095564
2016-10-09,20718.839956535754,12654.110239229674,29164.01215642404
2016-10-16,24950.55923113606,17610.941954626196,33351.58277268158
2016-10-23,31241.09087711673,23734.829623331927,39130.2987435146
2016-10-30,34614.47537308681,26349.17934213387,42654.156217223
2016-11-06,31104.9889020091,23520.21585919514,38894.65873877875
2016-11-13,22606.045774481536,15480.98682495994,30200.645102386698
2016-11-20,16339.045336970292,9040.77038183213,24386.432196885282
2016-11-27,18663.942295436736,10562.250189290597,26000.03652880267
2016-12-04,29073.269300640735,20624.572975047304,37324.17112709021
2016-12-11,40302.268152896664,32279.557027336512,48434.304293002315
2016-12-18,44373.4834120844,36412.93543894156,52939.61487244885
2016-12-25,38745.726004914584,31250.96767043904,46430.20116354902
2017-01-01,27359.86463814597,19791.00798408701,35349.14757366163
2017-01-08,16847.543599001772,8450.765402932024,24506.068124446778
2017-01-15,12154.546630021187,4210.497525061517,20062.49407851414
2017-01-22,14717.79071910689,6399.773944688067,22227.98289980993
2017-01-29,22803.748890384453,14595.035621824522,30642.104736300535
2017-02-05,32340.143211053117,24454.677493154657,39999.65168823513
2017-02-12,38169.79257454283,30427.04097288615,45589.230375324565
2017-02-19,36627.289465457456,28358.684234873155,44902.51796816419
2017-02-26,28525.626940877442,20880.355141950644,36236.430559031054
2017-03-05,19538.722601481673,11615.265139534611,27215.28315786917
2017-03-12,16344.920182266327,8719.938958848867,23474.10329830701
2017-03-19,21224.446344926546,13737.835693364432,29911.85929216166
2017-03-26,30146.244483514092,22574.033931156802,37750.349263307704
2017-04-02,36386.47161109314,28764.879530435075,44820.644728792045
2017-04-09,36209.69229317182,28087.3740860357,44008.73094984677
2017-04-16,31186.137236867617,22864.357074599367,39547.809792643755
2017-04-23,25495.297990596395,17177.270439553184,33310.968533592015
2017-04-30,21731.34996037223,13678.65055344792,29818.792844463645
2017-05-07,19569.204297802735,11832.559542892659,27580.11724240084
2017-05-14,17752.307768224102,9854.551096443176,26117.098551303494
2017-05-21,16204.21034040233,8678.454814775736,24616.690178803146
2017-05-28,15748.177657632177,8203.421147479505,23674.358941274982
2017-06-04,16430.534552192643,8532.670719552509,24553.775176930463
2017-06-11,17083.78407928322,8990.20463104629,25122.56309118765
2017-06-18,16738.308982621555,9344.175200432253,25127.808449372966
2017-06-25,15847.704436126225,7643.04807797717,23337.622256458646
2017-07-02,15600.45882704102,7576.567492520666,23242.004820617418
2017-07-09,16263.155654946613,8529.192082221338,24209.60569809502
2017-07-16,16818.038812027582,9168.42210764164,24678.069385781524
2017-07-23,16362.411991968653,8806.283480407534,24202.8574783946
2017-07-30,15330.16118201688,7844.200712942473,23508.052117186886
2017-08-06,14871.288547119882,7723.239272981644,22340.289576764117
2017-08-13,15288.358268893724,7602.478308169298,23240.606203060506
2017-08-20,15738.480054332198,7362.42206770669,24059.914626892238
2017-08-27,15620.389078350941,7669.104329310002,23141.150581427195
2017-09-03,15621.394804057374,7324.004805804093,23506.426602716525
2017-09-10,16772.753627673897,9002.755849276446,24743.84535170698
2017-09-17,18726.75947606071,11043.302583360413,27098.342624661807
2017-09-24,19885.317580858155,11574.486754144027,27878.05495156003
2017-10-01,19688.182465521917,11685.450650915627,27981.09142717718
2017-10-08,20099.170193511534,11867.37361853543,27553.013953606696
2017-10-15,23687.43456209504,15906.915741727227,31256.65241158384
2017-10-22,29910.857226246313,22227.954111156265,37645.207910824094
2017-10-29,34205.576478709336,26477.740599130782,42310.98917201723
2017-11-05,31988.886384321442,23334.274053995778,38871.61449511702
2017-11-12,23945.52857741405,15801.32601150298,31297.20723965484
2017-11-19,16688.23351673381,9265.51531034852,24918.437485741913
2017-11-26,17275.698436513212,10269.591182466655,25003.832037617944
2017-12-03,26636.504683818806,19006.223889185054,34542.33509185703
2017-12-10,38382.80062267508,30142.891248219596,45996.94079323395
2017-12-17,44125.03401264177,36183.62804685251,52572.496292026
2017-12-24,40095.46144343389,32567.614635560567,47761.845427905224
2017-12-31,29262.259857732177,21299.03221400927,37075.32183453128
2018-01-07,18141.1817230737,10237.932853946133,25787.742916756328
2018-01-14,12199.832813775462,4304.1264565551755,20115.085347085045
2018-01-21,13514.148140534386,5641.884170467365,20850.085408818442
2018-01-28,20856.35138596562,12558.203580049829,28446.4692098812
2018-02-04,30505.794951882024,22662.07401707006,38466.77654464142
2018-02-11,37352.85598145898,29606.539696178777,45200.84147580462
2018-02-18,37224.88129851129,29339.88163819049,45602.28360643412
2018-02-25,29990.532996399415,21788.26272826403,38277.704814130506
2018-03-04,20625.206318270917,12039.610079717786,28405.07943128009
2018-03-11,16045.691502926336,8317.317587590578,23777.477835478527
2018-03-18,19616.31082426829,12184.346453225737,27502.45380419353
2018-03-25,28310.474862124505,20398.183636356713,35697.609499758895
2018-04-01,35450.96940214613,27614.218087564102,43202.863260983504
2018-04-08,36446.55952406087,29107.698411120884,44487.876337473775
2018-04-15,31996.372430025014,24412.306516782875,40228.8196637867
2018-04-22,26147.3294040342,19025.095919395535,34727.95653962117
2018-04-29,21992.299512625414,14348.703880809135,29623.89959653587
2018-05-06,19646.87739241249,12177.075662794477,28155.974122740146
2018-05-13,17819.697212116647,10206.725526941767,26073.35141195665
2018-05-20,16167.652481463283,8222.480845511494,23891.628742273104
2018-05-27,15472.242950301936,6859.55941012404,23645.48465554076
2018-06-03,16013.300291773745,8019.949079011553,24328.932364773245
2018-06-10,16772.94077802971,8654.442559559211,24256.727350581594
2018-06-17,16616.471133320298,9313.328329030519,24767.155581712148
2018-06-24,15734.601254231366,7657.809165245152,23584.143215546177
2018-07-01,15309.261235074988,7430.773249739267,22941.4677324705
2018-07-08,15858.643452466385,8326.99907859405,24275.23315767771
2018-07-15,16526.239129501384,8240.412107976294,24921.501286345938
2018-07-22,16261.193300081639,8146.81713289106,24133.06757376469
2018-07-29,15246.853847813567,6716.643522839371,23265.83308999692
2018-08-05,14622.991823942437,6637.808844451977,22255.082747713197
2018-08-12,14924.464784150443,7737.513058510186,23380.260803071073
2018-08-19,15442.562599164128,7817.008654635377,23333.672258306244
2018-08-26,15412.280900760172,7304.503978578695,23315.613510564195
2018-09-02,15300.60212704545,7387.511647287465,23304.871970900585
2018-09-09,16217.803191263065,8273.849931741144,24182.22481639425
2018-09-16,18132.425111359436,10078.333467816794,25873.73197505758
2018-09-23,19538.616908146963,11452.775858207076,27596.50377781309
2018-09-30,19508.44889666616,11476.097834450937,27751.061564114105
2018-10-07,19589.9380721318,11730.180638637241,27234.157989538053
2018-10-14,22520.75384084361,14819.744822432987,30320.66698389108
2018-10-21,28519.77239946591,20608.276197585863,36582.02122970916
2018-10-28,33573.62390415358,25994.477754763055,41634.12313968182
2018-11-04,32669.195511320206,24613.330404125187,41001.22342082077
2018-11-11,25308.458541592638,17877.358681870195,33129.49110987664
2018-11-18,17305.543725494455,9385.602984938358,25151.466442446457
2018-11-25,16188.67597609196,8624.7341979259,24061.208447699635
2018-12-02,24281.434762142384,15954.797966773116,31988.770735139096
2018-12-09,36258.10294136723,28309.786177425078,43470.96018462927
2018-12-16,43545.53935801344,35464.585317093326,51085.001604307945
2018-12-23,41218.67620847981,33363.2611714355,49218.52284524446
2018-12-30,31159.19040420062,23727.49052452356,38806.84685583433
2019-01-06,19609.663743721216,11539.583162324705,27224.429632711846
2019-01-13,12485.11882493446,4433.951068163953,19502.39603114515
2019-01-20,12509.122261212176,5346.623942814508,21047.193191507657
2019-01-27,18986.612854958294,11220.160175238721,26726.152281100374
2019-02-03,28580.1220042286,20053.7364973876,36101.98654168015
2019-02-10,36302.384996965426,28372.6493052488,44113.95866886676
2019-02-17,37581.010424731096,29643.10459982865,45666.61519589623
2019-02-24,31381.47879482134,23973.237889871023,39850.71851185768
2019-03-03,21874.47359071298,13585.69301742917,29735.178662564984
2019-03-10,16025.066785941512,8343.218678578569,23169.29646604044
2019-03-17,18182.166842884522,10045.209835439548,26280.03678981337
2019-03-24,26418.73313616143,18365.822605763766,34267.92896996538
2019-03-31,34303.78879430485,26582.36185176616,42195.51140555586
2019-04-07,36500.2377258051,28481.122006761612,44017.986911820175
2019-04-14,32765.468072059808,25220.35638411263,40953.41993459053
2019-04-21,26862.545584056807,19410.184057192193,34298.6699955397
2019-04-28,22314.840821589838,14120.937727666744,29690.279190785455
2019-05-05,19737.65403629677,11975.745826925528,27309.655155524026
2019-05-12,17889.00868619635,9685.928999206968,25264.195139470216
2019-05-19,16163.28531496014,8605.04181888797,24039.887909479497
2019-05-26,15239.954257177584,7746.875665712073,23134.907284790082
2019-06-02,15603.445945564472,8152.992187069422,23895.15449319855
2019-06-09,16428.688806744256,8957.945247497575,24802.996860251078
2019-06-16,16468.372262734152,8712.662822031965,24534.758329058433
2019-06-23,15638.180784736342,7732.192031062476,23999.677400306387
2019-06-30,15053.513054185867,7528.46838449512,22538.51386389801
2019-07-07,15458.507542109444,7168.872961442255,23254.76367353279
2019-07-14,16200.771406505697,8397.88898115482,24384.95753078532
2019-07-21,16133.054074512704,8544.654236931146,23976.504691594153
2019-07-28,15177.961849160718,7362.6796865857195,23200.318640492296
2019-08-04,14408.214217539393,6348.438681074755,22591.93240257402
2019-08-11,14567.679765879142,6811.224438972264,22304.771083562337
2019-08-18,15125.159072166789,7197.744567534661,23002.71240486064
2019-08-25,15199.368065262908,7541.359152231582,23636.681780519142
2019-09-01,15016.166628659139,7521.162498194006,23279.70040073635
2019-09-08,15699.513179930536,8043.841076881906,23873.964805265416
2019-09-15,17520.384093895747,9905.085662572987,25353.81885126442
2019-09-22,19138.39909563325,11381.896798873058,26856.46846004005
2019-09-29,19328.127758609353,11482.241704396949,27407.42431639486
2019-10-06,19178.813386616115,11027.276541616886,27112.8869765724
2019-10-13,21464.868101156222,13120.810716514772,28841.370140233117
2019-10-20,27102.13462478028,18840.607450676544,34628.57730720814
2019-10-27,32738.574441531055,24887.64695610344,40168.13067193263
2019-11-03,33124.752154907255,25471.485748380954,40763.78312992683
2019-11-10,26645.52463020927,18549.95405766436,34568.80867354053
2019-11-17,18157.647686653974,10780.334457074048,26184.446014151275
2019-11-24,15417.790898798245,7316.333041225948,23078.86569242644
2019-12-01,22059.53466749297,13881.287200610777,30644.216844188606
2019-12-08,33972.913475426314,26324.827150943107,42062.58405607639
2019-12-15,42639.69695468724,34128.42944137928,50919.055833318074
2019-12-22,42083.30486271681,33919.59596113707,49352.56259118453
2019-12-29,33010.30999797092,25000.668211709228,41706.61449212216
2020-01-05,21228.519617338294,13459.722796390828,29196.711553581634
2020-01-12,13007.411234441875,4850.409035858069,21001.30925266291
2020-01-19,11716.620966371476,3627.8384377682614,19374.965652178085
2020-01-26,17220.904670083866,9476.392340911225,24934.56067863262
2020-02-02,26594.26156050548,18407.806266071482,34259.163627206064
2020-02-09,35036.870533566966,27089.273902054105,42807.64446805171
2020-02-16,37683.65005089434,30196.960356971344,46002.035723427114
2020-02-23,32658.486427943724,24901.586926500902,40903.058683545314
2020-03-01,23247.76278606955,15392.188535474726,30856.365677466405
2020-03-08,16278.104258109457,8001.996588048565,24731.273196589267
2020-03-15,16955.03376432959,9799.588664668623,24902.26415213962
2020-03-22,24512.291479744727,17190.138900100592,32223.83177718316
2020-03-29,32960.00127934528,25293.253745988888,40386.037555580646
2020-04-05,36353.2171935854,28458.30871514035,43794.31090501658
2020-04-12,33466.76660291639,25593.95331133556,41269.62727913969
2020-04-19,27630.03003607737,19849.74854624523,35613.44775153634
2020-04-26,22705.54774514997,14984.927786481612,31280.91879219765
2020-05-03,19849.178642758423,12073.259216395203,26890.55017816514
2020-05-10,17958.015065943364,9741.066484824329,25648.788563829905
2020-05-17,16185.198910941017,8934.687957252941,24244.988226334994
2020-05-24,15052.962573639517,7070.592512401272,22598.472360416086
2020-05-31,15209.70492448414,7288.872088767519,22807.537906496495
2020-06-07,16055.708196660878,7832.661315318336,23840.444904397722
2020-06-14,16288.741948022971,8432.154180347385,24393.14637492824
2020-06-21,15550.787192954815,7751.163413365805,22878.167466859748
2020-06-28,14833.763058096747,7237.38442205751,23065.48807082688
2020-07-05,15070.68881602214,7389.405370710851,23257.592063592245
2020-07-12,15846.067400236785,7815.007086393392,24068.145560472083
2020-07-19,15972.971466893843,7901.005392130697,23836.130705422096
2020-07-26,15116.06111606656,7815.8620022643445,23268.89107506348
2020-08-02,14227.178943059607,6177.347893060175,22133.1192910821
2020-08-09,14224.733636565084,6050.013284789872,21747.80781227491
2020-08-16,14788.763593888765,6868.219512795004,22387.470347692884
2020-08-23,14975.23375513466,7160.153282525462,23432.928775163142
2020-08-30,14761.96379041614,6959.746704072742,22448.54622756798
2020-09-06,15222.738021300185,7272.041017660286,22726.05242441559
2020-09-13,16901.84135405452,9191.99934749351,25455.211555923248
2020-09-20,18685.49941449036,10490.858513499703,26531.250920536866
2020-09-27,19131.373335542914,10922.658028602194,26795.089915684992
2020-10-04,18850.530351742625,10176.750316787426,27276.409786324184
2020-10-11,20528.810820327875,13183.395416256159,28126.452715930525
2020-10-18,25690.726155193788,17450.24368269025,33336.531458322876
2020-10-25,31725.701318446314,23992.033704563954,39813.6545911431
2020-11-01,33342.10147156259,25549.934382251184,41824.05096059962
2020-11-08,27909.63759762021,20222.03989118726,36234.64414888459
2020-11-15,19205.032730409243,11083.431943957901,27119.003160028657
2020-11-22,14968.819285981273,7589.755120454473,22435.716289959408
2020-11-29,20018.506704184507,11702.780197015629,27555.1102420312
2020-12-06,31576.453975198703,24044.420013564024,39670.897217417885
2020-12-13,41420.229330522976,33080.157713088054,49382.562941874836
2020-12-20,42662.09859725053,34289.023365527944,50260.48224973648
2020-12-27,34774.51387264887,26485.35592278161,42614.8007165918
2021-01-03,22969.51576043445,15163.42780491974,30653.328917716703
2021-01-10,13760.118759401204,5769.344118552405,21534.287291048535
2021-01-17,11147.900567361083,3626.4086619691775,18744.886860211078
2021-01-24,15583.714085690914,7658.893615436896,23641.450801163395
2021-01-31,24579.499198588604,16994.101244081972,32855.22074894314
2021-02-07,33578.62546312043,25949.15935704554,41372.414904360165
2021-02-14,37526.8660382248,29358.394006573664,45119.81616710764
2021-02-21,33785.048572800726,25897.19051197696,41426.79915692081
2021-02-28,24703.33184214757,16803.448721440793,32656.31074151222
2021-03-07,16792.40110660028,8412.191256878943,24821.917682367814
2021-03-14,15962.586143396184,7592.352819603671,23635.422219755106
2021-03-21,22633.866456523483,15127.085548846439,31458.872202372422
2021-03-28,31440.888905564396,22695.742614615592,38940.544506358056
2021-04-04,35992.67692502902,28521.279334965406,43567.45217946505
2021-04-11,34073.009587664375,26716.242770345416,41528.42360855557
2021-04-18,28435.13808564096,20330.959485353094,36702.389523703336
2021-04-25,23168.836915064923,15300.255921277128,30882.270095690194
2021-05-02,19990.160429008898,11843.171520466773,28017.16984743528
2021-05-09,18026.247307629503,9947.555516237004,25872.796800356024
2021-05-16,16227.189089587875,8847.606349770267,24072.44383513378
2021-05-23,14911.146822254976,7356.270905634648,22718.84530757261
2021-05-30,14840.232467823433,6928.053753842853,22836.882344390488
2021-06-06,15660.19983766723,7555.270624394221,23487.83831892513
2021-06-13,16073.87739582387,8254.220358278904,23709.85077756404
2021-06-20,15464.267662321534,7394.038084616033,23216.171075666476
2021-06-27,14648.723019390458,6750.463462017784,22206.095914184625
2021-07-04,14702.482679005367,6779.355139271366,22864.255995002994
2021-07-11,15467.969374276265,7460.555210308616,23645.387529235268
2021-07-18,15777.43084953338,8036.002476047238,24149.75544880959
2021-07-25,15053.277530727442,7188.817135686558,22553.365710198505
2021-08-01,14078.403183136243,5835.354198945607,21707.699063980694
2021-08-08,13901.879058215394,6025.252489271146,21436.07627993233
2021-08-15,14437.356874604993,6605.035735056984,22257.960166048622
2021-08-22,14734.721093046828,6853.60696344142,22569.396321758843
2021-08-29,14530.803161762855,6361.198217062368,22637.802230261354
2021-09-05,14790.154113110635,6799.23096861004,22863.01528468608
2021-09-12,16287.987477619941,8602.368472493707,23693.093424631243
2021-09-19,18183.68615938859,10276.168090427343,26272.359389348338
2021-09-26,18904.68665881203,11452.055517683335,27149.828120802635
2021-10-03,18587.7391458642,10203.052321762878,25555.870516458883
2021-10-10,19716.302728418403,11279.843844628691,27727.016757630376
2021-10-17,24315.72431429272,16356.647905389027,31727.78252605567
2021-10-24,30564.487645347333,22632.93677739912,38001.69331966561
2021-10-31,33315.659434764086,25247.025392789965,41223.90058779517
2021-11-07,29057.363342950543,21602.756055001344,37331.00751027054
2021-11-14,20403.31750882595,12309.537578395928,28415.886166464476
2021-11-21,14838.276933880546,7407.836604464278,22942.41974067288
2021-11-28,18200.8724671864,10406.349161827382,26371.242657590778
2021-12-05,29121.122315369103,21756.410967122392,37408.23435193416
2021-12-12,39907.79211674965,31942.402101969597,48012.053310453215
2021-12-19,42933.54721656599,35103.67142802275,50622.13616211899
2021-12-26,36410.84407309332,28789.797089861917,44242.31754180235
2022-01-02,24800.912709017743,17068.93855049473,32719.60736423888
2022-01-09,14732.892633759362,6940.410460160183,22815.020571290213
2022-01-16,10811.424124599065,2992.0437881554603,17480.227212536203
2022-01-23,14097.467593513045,6064.842554410011,21839.98131439151
2022-01-30,22566.75193819133,14835.462996255823,30254.83972403852
2022-02-06,31953.106936526437,23932.699119699064,39909.518774843265
2022-02-13,37110.706454246596,29277.455952929697,44337.814226354996
2022-02-20,34728.98966335784,26780.4529825958,42670.26641451337
2022-02-27,26197.660944699044,18201.340449175863,34373.814310953276
2022-03-06,17548.47317016907,9308.72813598318,25465.94865583216
2022-03-13,15226.282225980787,7165.604751138388,22642.34775837246
2022-03-20,20826.34936578879,12951.455858904937,29022.96539478316
2022-03-27,29773.51564999686,21952.9426148741,37697.23902813474
2022-04-03,35411.18886473064,27906.23956031432,43618.06421990599
2022-04-10,34557.28507870533,26880.514204848554,41785.45674202895
2022-04-17,29259.70193757375,21931.537363653784,36800.44542718759
2022-04-24,23706.425932377104,16003.89625115015,31652.453919675994
2022-05-01,20169.896498104674,12808.752308042684,27672.530868468577
2022-05-08,18095.13280843854,10096.985623093575,25419.611135467476
2022-05-15,16283.19127248901,8696.848735144022,23779.218349528117
2022-05-22,14812.691811389526,6776.69029630824,22843.69980004672
2022-05-29,14502.232282637357,6612.08570978676,22562.199453873625
2022-06-05,15249.596840591093,7822.001722590653,23039.48851757156
2022-06-12,15821.84152891055,7947.406445208578,23830.359522974748
2022-06-19,15370.382255017308,7569.1757172917905,23708.059560867456
2022-06-26,14495.329263566176,6394.324759183234,22459.580860670227
2022-07-03,14360.174847108043,6840.254989931258,22272.592017970805
2022-07-10,15073.443860450587,7219.320681519035,23860.78576529908
2022-07-17,15544.60788734493,7612.224934136206,22761.429817145578
2022-07-24,14981.678087764438,6857.9888080002565,22587.02233265121
2022-07-31,13958.747455240376,6228.16191387221,22074.312452605176
2022-08-07,13604.52575328395,6394.470323700334,21920.172055171264
2022-08-14,14076.152143666708,6209.019787290629,22095.89930170443
2022-08-21,14474.187948731555,6962.153879039571,22472.536608199593
2022-08-28,14314.865469825281,6555.214266671542,22343.723776882758
2022-09-04,14402.222713998523,6683.173610885711,21389.739971084196
2022-09-11,15689.426503927501,7759.846248182148,23243.79641270464
2022-09-18,17639.29138945083,9799.62537267204,25835.42796474488
2022-09-25,18637.377305934995,10732.411979313167,26642.170609678564
2022-10-02,18371.896272073176,11067.347109323287,26216.530662901954
2022-10-09,19025.965909682716,11760.650436053791,26488.920345564562
2022-10-16,23003.76040194471,15113.294494248634,31263.047980882646
2022-10-23,29287.411868835537,21753.02729663174,36937.94086061633
2022-10-30,33047.59801437203,24939.30439378356,41637.381611368386
2022-11-06,30050.204012563707,21608.96995324915,38033.14075324368
2022-11-13,21704.71194940023,13954.665712855382,29826.012886409
2022-11-20,15013.59494997525,6933.957921490572,22532.075494210883
2022-11-27,16642.712190192506,9535.978917992157,24318.386114073506
2022-12-04,26661.056285872142,18529.820721230273,34810.881721967555
2022-12-11,38130.63954242904,29741.781617546596,45908.76483766796
2022-12-18,42882.68807707037,35254.65985155315,50936.7258320748
2022-12-25,37879.46913969137,29987.28071728199,45485.312270671675
2023-01-01,26687.84237156921,18691.518632365962,34768.77001790506
2023-01-08,15911.502693233448,7925.010007525726,24457.195276485323
2023-01-15,10712.70341451464,2187.343273279489,18432.196756493864
2023-01-22,12782.385690155967,4936.653971393267,20590.948567176823
2023-01-29,20586.1202186163,12689.175867872154,28156.450229874725
2023-02-05,30188.221994789692,22723.43886008976,38032.43383180352
2023-02-12,36440.93654575761,27732.097367084585,43923.19689667194
2023-02-19,35463.16859057323,27777.188856693687,43309.18481585072
2023-02-26,27686.680187014594,19878.39509456681,35677.843328474555
2023-03-05,18520.34949358781,11143.848981828336,26511.894934331714
2023-03-12,14760.68596978704,7424.885471458915,22630.107504584448
2023-03-19,19131.508216113292,11497.402199318663,26573.57587383093
2023-03-26,27990.087550742024,20775.9565740382,35632.67234269886
2023-04-02,34607.26007363713,26839.49039714781,42562.366155134354
2023-04-09,34894.01994332427,26503.135465669555,42552.66442260898
2023-04-16,30082.40316318664,22260.281568629187,37799.60948941412
2023-04-23,24316.87660105464,16271.594437166535,32615.92828325739
2023-04-30,20397.721087655787,12751.769763528173,28756.653541798514
2023-05-07,18168.023338247658,10445.15253637575,25894.1293671385
2023-05-14,16347.71320437701,8481.742127683108,23915.906860742518
2023-05-21,14754.260400794454,6400.023630245476,22837.30943686311
2023-05-28,14201.635229154253,6174.369725407161,21906.556643505715
2023-06-04,14832.215721969606,6926.331100661855,22902.19577214418
2023-06-11,15532.574567127886,7984.858076174185,23495.018065336688
2023-06-18,15261.219891589819,7426.198309134834,23112.68712800472
2023-06-25,14368.893196634917,6681.353471116583,22394.52296965126
2023-07-02,14048.726635000326,6119.780146159399,21579.61859590857
2023-07-09,14670.238471591594,6833.902745127718,22678.654318501645
2023-07-16,15274.46656296331,7626.359546691929,23554.300493393934
2023-07-23,14893.667496814567,6970.727631549245,22721.266924159067
2023-07-30,13863.552708234629,5942.149024853301,21257.457694916604
2023-08-06,13336.921718227257,5337.497898873292,21057.372950382654
2023-08-13,13711.276320163455,5679.002687566649,21976.270913253873
2023-08-20,14191.672838248523,7072.699681529143,22328.38429759381
2023-08-27,14106.158249439679,5880.968456309236,21866.64689222964
2023-09-03,14057.26896875455,6027.446551406635,21791.730960099656
2023-09-10,15115.66114417955,7357.821507366651,22725.525571540107
2023-09-17,17060.739756706873,9768.217078656004,25247.047130415118
2023-09-24,18321.87202739627,10694.450752669596,25681.575244637523
2023-10-01,18184.154413133678,10217.297600218355,25999.93360585855
2023-10-08,18451.7295950317,10026.399978463342,26535.653538839157
2023-10-15,21777.157188961144,13949.48177713707,29559.02528435608
2023-10-22,27928.673829385298,20094.179481056293,35709.55406873865
2023-10-29,32547.464815975465,24644.602310312774,40181.11301793436
2023-11-05,30855.68418571398,23244.055887815575,38506.24340658712
2023-11-12,23059.57004567682,14888.607972267702,30988.611585649174
2023-11-19,15473.586212084552,7571.349400702271,23471.39928399168
2023-11-26,15372.59581404399,6938.924131569947,23043.642314871035
2023-12-03,24250.612939298982,16474.618340672234,31590.691120981406
2023-12-10,36124.04788494347,28676.71620082967,44363.4715323723
2023-12-17,42501.767180766576,34892.7960081264,50052.994306277134
2023-12-24,39142.711523528844,31381.54691311573,47148.139124276386
2023-12-31,28592.80981825873,20362.784699560754,36261.36847099737
2024-01-07,17277.766577809205,9204.115382025971,25223.65790960018
2024-01-14,10854.125809950754,3281.568755979432,19258.946909452534
2024-01-21,11656.356588918332,3854.7171416177284,19187.220235225544
2024-01-28,18666.509728268065,10957.206793054927,26944.499978345826
2024-02-04,28313.640359382694,20549.907666820767,36013.85263158069
2024-02-11,35528.63899351278,27794.05736134451,43467.80772078308
2024-02-18,35966.00807726744,28328.607536743428,43633.97345475627
2024-02-25,29126.981500778485,21169.334395559723,37459.80638293786
2024-03-03,19676.35894404463,12190.917489456353,27099.22658411701
2024-03-10,14573.005411607444,6603.931603514982,22765.491761630165
2024-03-17,17588.706312540176,9852.647377439149,24986.592306290608
2024-03-24,26127.119822333687,18295.74252977003,34152.68668721912
2024-03-31,33585.68663698736,25785.970482115506,41694.976961106564
2024-04-07,35059.979360587386,27324.315771576967,42458.33779275017
2024-04-14,30879.30573944871,23706.408904604352,38476.731189174214
2024-04-21,24995.249804541752,16910.01709366398,33013.129214516855
2024-04-28,20682.404839323124,12485.60274154076,28735.386426449404
2024-05-05,18250.10583012984,10685.57145797054,26197.37253866644
2024-05-12,16416.242421343653,9011.081918508095,24659.793373813784
2024-05-19,14731.251643671156,6875.149209676994,22528.516292668068
2024-05-26,13942.847071857435,6461.767114095576,21650.196829763772
2024-06-02,14416.865065545106,6137.7765440639205,22031.09671620524
2024-06-09,15207.913383664152,6986.752774683647,23071.364499112005
2024-06-16,15129.59979326697,7170.340185776691,22521.862671301395
2024-06-23,14263.333597015531,6703.680823125629,22231.67011056752
2024-06-30,13771.52557554809,6030.334736506991,21901.13544492288
2024-07-07,14266.498789613117,6764.6038279199065,22233.13693789294
2024-07-14,14968.767987040133,6904.144619745158,23080.27791629702
2024-07-21,14782.36996550152,6622.772981457677,22448.735562859576
2024-07-28,13786.857948309631,5834.70040881207,20695.174503398026
2024-08-04,13101.89732759686,5153.997692007567,20937.49518332708
2024-08-11,13349.404146878658,5632.918467700553,21353.205082100452
2024-08-18,13886.965079033293,6721.391333346445,21983.572804615284
2024-08-25,13896.965846100811,5784.347182467495,21886.939819345127
2024-09-01,13751.668809854946,6956.217141415968,21389.917327179413
2024-09-08,14574.658062444301,6540.5926703003,21939.85115004908
2024-09-15,16458.002153223264,7846.216703122142,24051.821954211806
2024-09-22,17953.863740101253,10151.849895265916,25197.47629727953
2024-09-29,18006.21397929774,10160.039363019072,25638.18914597196
2024-10-06,17983.402811082935,10482.303426832872,25612.96983571868
2024-10-13,20653.367702911153,12526.664590523844,28278.64463713569
2024-10-20,26522.91106429595,18615.12201944784,34470.13845016482
2024-10-27,31831.55775034008,23903.904704941604,39925.72542682585
2024-11-03,31448.207160665108,23426.53616170448,39253.72321953252
2024-11-10,24417.980915672415,16508.629423433526,32193.332123336422
2024-11-17,16189.187094662215,8371.27179129662,24211.045847793754
2024-11-24,14410.744092279234,6895.24592039887,22073.997671404937
2024-12-01,21942.812293237497,14427.180016613684,30321.11937113115
2024-12-08,33929.50632184853,25536.311171639074,41834.994174199695
2024-12-15,41790.72105507124,33555.650288392535,49591.03648903362
2024-12-22,40166.09168079603,32261.608332442782,48242.88051181034
2024-12-29,30476.319261441102,22691.840909940027,38259.529733183015
2025-01-05,18809.54973834848,10454.480115103906,26349.503436742078
2025-01-12,11234.771196947146,3366.0282690017902,18669.530265421523
2025-01-19,10734.817093529171,2522.769694897648,18673.15950579441
2025-01-26,16835.319871817042,8046.5032480141135,24169.271093052466
2025-02-02,26360.13528520756,18455.024872792375,34553.30826395918
2025-02-09,34389.70287061719,26846.96880378481,42053.818657822514
2025-02-16,36221.84287523572,28333.662994131548,44207.489915719474
2025-02-23,30476.97603014189,22723.10464503497,38197.05488769156
2025-03-02,20980.079646362945,12878.941856157311,28497.366904839386
2025-03-09,14662.862277300563,6659.494985289511,22414.48765913161
2025-03-16,16233.682095758268,8857.158947057595,24588.382454134084
2025-03-23,24224.436778103965,16415.141758183716,32550.94708245167
2025-03-30,32357.699845543655,24276.9734849521,40282.397450424636
2025-04-06,35035.23411860982,27029.562055846327,42781.554609565566
2025-04-13,31624.535538417273,23932.345868456072,39005.40478959169
2025-04-20,25732.89467956433,17532.753086407294,33733.75989282919
2025-04-27,21031.531408876977,12940.46183301671,28677.79584628078
2025-05-04,18348.195024913555,10541.761465176334,26142.403537840644
2025-05-11,16485.604973867314,8718.379746701059,23916.65521981571
2025-05-18,14738.132015562383,6893.701934392188,22897.492788137166
2025-05-25,13728.578913292202,5548.7358645657705,21436.18242046312
2025-06-01,14012.431579989407,6858.650713702502,21628.04578260447
2025-06-08,14851.517530549729,6871.994356781887,22805.8016673925
2025-06-15,14969.438392930497,6378.930804640914,23389.843810278115
2025-06-22,14171.479375257866,6707.104629102475,21903.104865626774
2025-06-29,13530.213999927084,5773.666256492232,22216.90593087025
2025-07-06,13870.36438170061,6612.917575910759,21919.63019942496
2025-07-13,14630.98930995314,6507.199845255092,22711.69956244888
2025-07-20,14641.976669872212,7131.637805649916,22457.070498630856
2025-07-27,13721.687103682729,5925.92170711297,21156.978839489264
2025-08-03,12900.685459834658,5198.0742645031605,21608.77070526142
2025-08-10,12997.365195976703,4854.521809672388,21224.6134423329
2025-08-17,13561.577401853938,6019.424705487277,21445.665921021242
2025-08-24,13680.270555140636,5439.465413331132,21495.935247970632
2025-08-31,13480.13041635132,5221.934549806657,21479.577089281862
2025-09-07,14072.511214092345,6252.951679542169,21332.83029838967
2025-09-14,15842.003349025035,8684.228587495625,23873.020088110912
2025-09-21,17532.3017851392,9767.60650448489,25928.03344696546
2025-09-28,17821.101644648967,9360.005800822642,25140.71676995062
2025-10-05,17607.38306261462,9789.805889001398,25581.196693406153
2025-10-12,19644.62926455989,11320.880845707657,27072.600216721174
2025-10-19,25103.954053444966,17105.31344260097,33245.63759402241
2025-10-26,30922.084113669865,22976.45616531955,38664.75572037247
2025-11-02,31809.65530991811,24371.608126116596,39478.42240095177
2025-11-09,25731.34246245901,18188.706232420194,33667.989008770965
2025-11-16,17124.448907216316,9266.04792992111,25038.545900235622
2025-11-23,13768.450331142094,5615.074867078086,21287.86155987395
2025-11-30,19787.796721044033,12185.192470288574,27686.806087226167
2025-12-07,31593.693505288797,23722.825673292973,38759.79795642963
2025-12-14,40757.45295753256,33348.753923929784,48946.04342462708
2025-12-21,40919.354467083,32750.66632513155,48659.058903833036
2025-12-28,32297.61810897969,24418.45797231044,40315.74038046683
2026-01-04,20480.853101710127,12855.05258642946,28386.150113485735
2026-01-11,11850.227755019623,4076.161993644875,19315.98540694355
2026-01-18,10030.630475596296,2286.2594708429274,17806.505875019324
2026-01-25,15118.19209859673,6989.950241082188,23304.097684845976
2026-02-01,24358.969590733774,16645.918635719587,31845.931789014638
2026-02-08,33044.22706319667,25239.59532590299,41056.21674950486
2026-02-15,36221.085920508514,28240.727627726512,44025.17108253034
2026-02-22,31697.961440419007,24317.406230484885,39709.99693682852
2026-03-01,22391.416788264076,15090.672640694702,30501.455847836616
2026-03-08,15022.29929763209,7095.910671311535,22558.596779107695
2026-03-15,15097.432801739029,7422.62858980449,23223.20959214752
2026-03-22,22324.037048798094,13436.562363100467,29694.612576359374
2026-03-29,30940.892815074745,22940.406854059966,38802.88542844828
2026-04-05,34804.05637617549,27111.469158386088,42614.28757379852
2026-04-12,32291.08533429059,24308.69542860922,40707.36610311581
2026-04-19,26517.38963425418,19385.950361106523,34617.60592467755
2026-04-26,21450.881027106814,13201.595012268455,29367.526563045456
2026-05-03,18470.412897432685,10888.725550029712,26390.296818566432
2026-05-10,16554.2537392977,8866.040002455165,24607.71152656492
2026-05-17,14768.822746872787,6165.384554990118,22275.763940392495
2026-05-24,13559.769788092515,6051.8990760294655,21372.447414389393
2026-05-31,13627.464751799482,5029.1091765749225,21263.918688047743
2026-06-07,14468.705521671804,6693.322372044876,22332.61397814132
2026-06-14,14776.063382746617,7067.2814675624495,22801.537174868645
2026-06-21,14085.427967795888,6847.870786202817,21927.975851049512
2026-06-28,13324.604357781107,5420.9474154042,21344.598416433764
2026-07-05,13489.5640787251,5688.824133579974,21316.598329376375
2026-07-12,14266.15656788136,6016.107870122915,21899.09355136202
2026-07-19,14468.041166616727,6381.827436294411,22267.88988848238
2026-07-26,13660.390336883032,5884.260989398694,22185.24767166481
2026-08-02,12732.826774695353,5147.631116054697,20387.332080424258
2026-08-09,12661.74480712474,4955.667923345922,20471.31731892592
2026-08-16,13218.62425742871,5709.642688800502,21256.423014049356
2026-08-23,13450.123699118823,5881.8688022012075,21510.83617519401
2026-08-30,13236.052633509342,5009.08849935214,21045.754828592093
2026-09-06,13613.215878585375,5714.856486143164,21239.35131629491
2026-09-13,15224.013815476892,7881.659786732292,22787.460603275314
2026-09-20,17059.23142428884,9076.02244452817,25083.59008543528
2026-09-27,17613.845663009368,10028.125523478151,25598.41153695653
2026-10-04,17307.465703844093,9170.16015666927,24462.685370009258
2026-10-11,18757.837652302434,10722.897533182047,26904.473897291107
2026-10-18,23703.66624757871,15394.307563474267,31533.55793872401
2026-10-25,29846.140983205187,21808.745131835494,37184.66396125831
2026-11-01,31929.71833227071,23807.28090725549,39480.87260656908
2026-11-08,26953.862987112887,19580.01011851606,34605.17802013523
2026-11-15,18237.744445024164,10714.21560290978,26429.940354525446
2026-11-22,13447.784378213524,5795.0666151764635,21931.14602834011
2026-11-29,17831.358000846878,10135.24073543095,25783.453158020027
2026-12-06,29167.266663214148,21156.24151472893,37107.64453952907
2026-12-13,39417.8831824051,31506.79103671675,47623.94246980003
2026-12-20,41377.441402612516,33684.25191919441,49798.95011497828
2026-12-27,34015.54697807396,26430.697234650543,42168.4799860151
2027-01-03,22262.00328362052,14313.034737689739,30574.264791318714
2027-01-10,12692.418742557358,4581.9355698920535,20825.191800496068
2027-01-17,9553.953646928383,1501.9380737714916,17968.986947197445
2027-01-24,13538.808515829558,5639.388246334302,21296.778710898518
2027-01-31,22341.339676442047,14626.570498440433,30406.438361470326
2027-02-07,31515.86497582849,23602.519282275407,38978.94622409625
2027-02-14,35960.21826227664,28055.31909008425,43436.08896873144
2027-02-21,32755.068232291425,24458.97209935281,41134.3181139047
2027-02-28,23867.770563235543,15948.198336051235,32310.482934639782
2027-03-07,15636.02309699637,7602.706577094458,23900.401429883994
2027-03-14,14205.240803172848,5958.375721023953,22451.829968829727
2027-03-21,20468.862039186388,12487.82016743436,28401.96034767242
2027-03-28,29358.92394466107,20666.758202822304,37168.07448879949
2027-04-04,34355.70621933417,26027.27037531752,41915.23056023885
2027-04-11,32851.71826811478,24519.643369683577,40138.72993093373
2027-04-18,27332.646694258336,19496.199247710825,35777.13615649868
2027-04-25,21943.85160102821,14361.315266637968,29799.715225268472
2027-05-02,18625.765670617868,11466.561493249632,26576.885568242127
2027-05-09,16622.467616996022,8774.400757294023,24295.834184595536
2027-05-16,14817.122960178112,6913.359331953638,22644.504130181085
2027-05-23,13435.606215310905,5287.3828752934405,21127.910863496083
2027-05-30,13269.78151100981,5324.760594767721,20804.85686048844
2027-06-06,14066.209504424069,6234.987991817496,22198.24903685302
